Machine,NumberOfSections,TimeDateStamp,PointerToSymbolTable,NumberOfSymbols,SizeOfOptionalHeader,Characteristics
34404,10,1495104271,0,0,240,559
34404,7,1491998340,0,0,240,34
332,4,1525089600,0,0,224,303
34404,6,1525089600,0,0,240,34
34404,6,1525089600,0,0,240,34
332,5,1437814536,0,0,224,258
332,5,1467395552,0,0,224,258
332,7,1467970865,0,0,224,258
332,5,1467185371,0,0,224,258
332,7,1467970827,0,0,224,258
332,9,887436485,0,0,224,814
332,9,887436485,0,0,224,814
332,5,1983722,0,0,224,783
332,7,1544712146,0,0,224,258
332,3,4212991326,0,0,224,34
332,3,3717866646,0,0,224,34
34404,8,1511169813,0,0,240,34
43620,6,3237733454,0,0,240,34
332,1,1269487055,0,0,224,8450
332,2,0,0,0,224,8450
332,2,0,0,0,224,8450
332,6,1538330470,0,0,224,258
332,3,1461640069,0,0,224,34
332,3,1508313608,0,0,224,34
34404,10,0,30208,81,240,551
332,2,0,0,0,224,8450
332,2,0,0,0,224,8450
332,5,1426574526,0,0,224,290
332,6,1426573946,0,0,224,290
332,6,1599837490,0,0,224,290
332,5,1599830573,0,0,224,290
332,5,1599832503,0,0,224,290
332,2,0,0,0,224,8450
332,2,0,0,0,224,8450
332,3,2387334513,0,0,224,34
332,2,0,0,0,224,8450
332,3,1478537191,0,0,224,34
332,3,1484757426,0,0,224,34
332,3,1478537060,0,0,224,34
332,2,0,0,0,224,8450
332,2,0,0,0,224,8450
332,2,0,0,0,224,8450
332,9,888485077,0,0,224,814
332,3,1571976478,0,0,224,270
332,3,1571976478,0,0,224,270
332,3,1571976478,0,0,224,270
332,6,1426571292,0,0,224,258
34404,10,0,28160,84,240,551
34404,6,1536132684,0,0,240,34
332,7,1467185571,0,0,224,258
332,7,1526038715,0,0,224,258
332,5,1600830612,0,0,224,258
332,6,1501055661,0,0,224,259
34404,7,1525679196,0,0,240,34
332,5,1599383440,0,0,224,258
332,5,1425716193,0,0,224,258
332,5,1599383401,0,0,224,258
332,5,1425716172,0,0,224,258
332,6,1599830986,0,0,224,290
332,5,1600831130,0,0,224,258
332,7,1543923075,0,0,224,290
332,7,1543923833,0,0,224,258
332,5,1460975038,0,0,224,258
34404,6,1460975605,0,0,240,34
332,7,1544705726,0,0,224,258
332,7,1534259504,0,0,224,258
332,7,1534259758,0,0,224,258
34404,6,2133597256,0,0,240,34
332,2,0,0,0,224,8450
332,2,0,0,0,224,8450
332,2,0,0,0,224,8450
332,2,0,0,0,224,8450
332,2,0,0,0,224,8450
34404,5,1258474660,0,0,240,35
332,4,1258474670,0,0,224,259
332,5,1600831096,0,0,224,258
332,2,0,0,0,224,8450
332,2,0,0,0,224,8450
34404,8,1525679149,0,0,240,34
332,5,1600831099,0,0,224,258
332,5,1600831139,0,0,224,258
332,5,1600831096,0,0,224,258
34404,10,0,22016,79,240,551
332,8,708992537,0,0,224,33167
332,9,887436485,0,0,224,814
34404,7,1519377224,0,0,240,35
34404,7,1519378773,0,0,240,35
332,3,1552226559,0,0,224,270
34404,8,1559573555,0,0,240,34
34404,7,114500009,0,0,240,34
332,2,0,0,0,224,8450
332,2,0,0,0,224,8450
332,2,0,0,0,224,8450
332,2,0,0,0,224,8450
332,2,0,0,0,224,8450
332,2,0,0,0,224,8450
332,2,0,0,0,224,8450
332,2,0,0,0,224,8450
332,2,0,0,0,224,8450
332,2,0,0,0,224,8450
332,2,0,0,0,224,8450
332,2,0,0,0,224,8450
332,2,0,0,0,224,8450
332,2,0,0,0,224,8450
332,2,0,0,0,224,8450
332,2,0,0,0,224,8450
332,2,0,0,0,224,8450
332,2,0,0,0,224,8450
332,2,0,0,0,224,8450
332,2,0,0,0,224,8450
332,2,0,0,0,224,8450
332,2,0,0,0,224,8450
34404,10,1495104271,0,0,240,559
34404,7,1568797462,0,0,240,34
34404,7,1568799147,0,0,240,34
34404,2,1571976001,0,0,240,302
332,3,1446776812,0,0,224,258
332,3,1446776812,0,0,224,8450
332,3,1446748016,0,0,224,258
332,3,1446748016,0,0,224,8450
34404,2,1571976002,0,0,240,302
34404,4,1571976006,0,0,240,35
34404,2,1571976012,0,0,240,302
34404,4,1571976016,0,0,240,35
34404,4,1571976013,0,0,240,35
332,3,2473983153,0,0,224,34
34404,5,1563522956,0,0,240,34
34404,6,1544647477,0,0,240,34
332,2,0,0,0,224,8450
34404,6,1568800305,0,0,240,34
34404,6,1568797799,0,0,240,34
34404,6,1568797284,0,0,240,34
34404,6,1568797313,0,0,240,34
34404,7,1569352685,0,0,240,34
332,5,1568800853,0,0,224,258
332,5,1568800688,0,0,224,290
34404,6,1568797176,0,0,240,34
332,2,0,0,0,224,8450
332,2,0,0,0,224,8450
332,5,1602309608,0,0,224,258
332,5,1602310159,0,0,224,258
34404,7,1066867786,0,0,240,34
332,5,1600693148,0,0,224,258
332,5,1602772173,0,0,224,258
332,8,1398415023,0,0,224,270
332,5,1602776386,0,0,224,290
332,2,0,0,0,224,8450
332,2,0,0,0,224,8450
332,2,0,0,0,224,8450
332,2,0,0,0,224,8450
332,2,0,0,0,224,8450
332,2,0,0,0,224,8450
332,2,0,0,0,224,8450
332,2,0,0,0,224,8450
332,2,0,0,0,224,8450
332,2,0,0,0,224,8450
34404,8,1098294908,0,0,240,34
332,2,0,0,0,224,8450
332,2,0,0,0,224,8450
34404,6,3061998840,0,0,240,34
332,2,0,0,0,224,8450
332,2,0,0,0,224,8450
332,2,0,0,0,224,8450
332,2,0,0,0,224,8450
332,2,0,0,0,224,8450
332,2,0,0,0,224,8450
332,4,1336031553,0,0,224,259
332,2,0,0,0,224,8450
332,3,1208330678,0,0,224,271
34404,6,1568797937,0,0,240,34
34404,7,1568799956,0,0,240,34
34404,7,1568797323,0,0,240,34
34404,6,1568800441,0,0,240,34
332,6,1552394075,0,0,224,290
34404,6,1568799761,0,0,240,34
34404,6,1568797938,0,0,240,34
34404,6,1568798797,0,0,240,34
332,2,0,0,0,224,8450
332,2,0,0,0,224,8450
34404,6,1568797284,0,0,240,34
332,8,2880088488,565248,329,224,807
332,3,1446776792,0,0,224,258
34404,3,1446777724,0,0,240,8226
332,2,0,0,0,224,8450
332,2,0,0,0,224,8450
332,2,0,0,0,224,8450
332,8,0,70656,102,224,807
332,4,1379315143,0,0,224,259
34404,6,2529284767,0,0,240,34
34404,9,0,36864,83,240,551
34404,9,0,36352,83,240,551
332,2,0,0,0,224,8450
332,8,0,30208,75,224,807
332,2,0,0,0,224,8450
332,2,0,0,0,224,8450
332,3,1463729838,0,0,224,258
332,9,887436485,0,0,224,814
332,2,0,0,0,224,8450
332,2,0,0,0,224,8450
34404,7,4119068003,0,0,240,34
332,2,0,0,0,224,8450
332,2,0,0,0,224,8450
332,4,1268517244,0,0,224,258
332,2,0,0,0,224,8450
332,2,0,0,0,224,8450
332,2,0,0,0,224,8450
332,2,0,0,0,224,8450
332,6,1465185562,0,0,224,258
43620,6,4254144267,0,0,240,34
332,5,1452519983,0,0,224,258
34404,6,1452519977,0,0,240,34
332,2,0,0,0,224,8450
332,2,0,0,0,224,8450
34404,8,4026720260,20992,58,240,551
34404,5,1563522956,0,0,240,34
34404,10,1495104271,0,0,240,559
34404,2,1498006378,0,0,240,34
332,2,0,0,0,224,8450
332,2,0,0,0,224,8450
332,2,0,0,0,224,8450
332,2,0,0,0,224,8450
34404,7,3783109450,0,0,240,34
332,2,0,0,0,224,8450
332,2,0,0,0,224,8450
332,8,1538707174,0,0,224,290
332,9,0,17920,70,224,775
34404,10,1495104271,0,0,240,559
332,3,1552227006,0,0,224,270
34404,6,1937624789,0,0,240,34
332,2,0,0,0,224,8450
332,2,0,0,0,224,8450
34404,6,2801119195,0,0,240,34
332,2,0,0,0,224,8450
332,2,0,0,0,224,8450
332,3,1501263949,0,0,224,258
332,2,0,0,0,224,8450
34404,12,1603200440,0,0,240,34
332,3,2518631208,0,0,224,34
34404,6,969981864,0,0,240,34
34404,7,1422533264,0,0,240,34
34404,12,1603200440,0,0,240,34
34404,9,1603200440,0,0,240,34
34404,6,1536895235,0,0,240,34
332,5,1400177800,0,0,224,258
332,3,1537187041,0,0,224,34
34404,6,1472114722,0,0,240,34
34404,7,2394937718,0,0,240,34
332,2,0,0,0,224,8450
332,2,0,0,0,224,8450
332,3,1537825783,0,0,224,258
332,3,2924191673,0,0,224,34
34404,10,1495104271,0,0,240,559
34404,8,1936029986,87552,63,240,551
332,2,0,0,0,224,8450
34404,6,772537934,0,0,240,34
34404,8,1936029986,87552,63,240,551
34404,8,1936029986,87552,63,240,551
34404,8,1936029986,13312,41,240,551
332,2,0,0,0,224,8450
332,2,0,0,0,224,8450
34404,6,1544647232,0,0,240,34
332,5,1400177795,0,0,224,258
34404,9,0,0,0,240,559
332,5,1464990545,0,0,224,258
34404,2,1571975382,0,0,240,302
332,8,0,35840,92,224,807
332,2,0,0,0,224,8450
332,3,2393055879,0,0,224,34
332,5,1571073065,0,0,224,258
34404,6,1571073269,0,0,240,34
34404,6,1569918754,0,0,240,34
332,3,2691784796,0,0,224,34
332,5,1571073138,0,0,224,258
332,5,1549282151,0,0,224,258
332,2,0,0,0,224,8450
34404,8,1512322415,0,0,240,34
332,3,3805489795,0,0,224,34
332,3,3349234301,0,0,224,34
332,2,0,0,0,224,8450
332,2,0,0,0,224,8450
332,3,3829351284,0,0,224,34
332,2,0,0,0,224,8450
332,2,0,0,0,224,8450
34404,10,0,325632,513,240,551
332,2,0,0,0,224,8450
332,2,0,0,0,224,8450
34404,10,1495104271,0,0,240,559
332,2,0,0,0,224,8450
332,2,0,0,0,224,8450
332,2,0,0,0,224,8450
34404,9,0,61440,104,240,551
332,7,1528780040,0,0,224,290
332,5,1524268895,0,0,224,290
332,6,1525819480,0,0,224,258
34404,11,1603200440,0,0,240,34
34404,8,1555501217,0,0,240,34
34404,9,0,34304,85,240,551
332,2,0,0,0,224,8450
34404,7,344809389,0,0,240,34
332,2,0,0,0,224,8450
332,2,0,0,0,224,8450
34404,5,1601460517,0,0,240,34
34404,5,1601460517,0,0,240,34
34404,6,1601460901,0,0,240,34
332,5,1602776398,0,0,224,258
332,5,1596744215,0,0,224,258
332,5,1602775635,0,0,224,258
34404,10,1565801340,0,0,240,35
34404,10,1565800130,0,0,240,35
34404,7,1510201956,0,0,240,34
34404,9,0,32768,79,240,551
332,5,1536895633,0,0,224,290
34404,9,152043520,24576,77,240,551
332,2,0,0,0,224,8450
332,2,0,0,0,224,8450
34404,9,0,0,0,240,559
332,5,1447213201,0,0,224,258
332,9,1495104274,0,0,224,783
34404,10,1495104271,0,0,240,559
332,5,1452518254,0,0,224,258
452,6,1533957463,0,0,224,290
332,2,0,0,0,224,8450
332,2,0,0,0,224,8450
34404,8,190807430,0,0,240,34
332,2,0,0,0,224,8450
332,2,0,0,0,224,8450
332,5,1446776476,0,0,224,290
332,4,1267348772,0,0,224,258
452,6,1533957461,0,0,224,290
332,2,0,0,0,224,8450
332,2,0,0,0,224,8450
332,2,0,0,0,224,8450
332,2,0,0,0,224,8450
332,2,0,0,0,224,8450
332,2,0,0,0,224,8450
332,2,0,0,0,224,8450
332,2,0,0,0,224,8450
332,2,0,0,0,224,8450
332,2,0,0,0,224,8450
332,2,0,0,0,224,8450
332,2,0,0,0,224,8450
332,2,0,0,0,224,8450
332,2,0,0,0,224,8450
332,5,1602113610,0,0,224,258
332,5,1603769076,0,0,224,258
332,5,1520449357,0,0,224,258
332,5,1548065172,0,0,224,258
332,5,1548065172,0,0,224,258
332,3,1472682928,0,0,224,258
332,5,1445453570,0,0,224,258
332,5,1603769267,0,0,224,258
332,5,1603769271,0,0,224,258
332,5,1603769073,0,0,224,258
332,5,1365435630,0,0,224,258
34404,6,1499540810,0,0,240,34
34404,7,3894899337,0,0,240,34
332,2,0,0,0,224,8450
332,2,0,0,0,224,8450
332,2,0,0,0,224,8450
332,2,0,0,0,224,8450
332,2,0,0,0,224,8450
332,2,0,0,0,224,8450
332,2,0,0,0,224,8450
332,3,2377805463,0,0,224,34
332,3,3073938761,0,0,224,34
332,5,1305895604,0,0,224,258
34404,6,1305896135,0,0,240,34
332,2,0,0,0,224,8450
332,5,1381075433,0,0,224,258
34404,6,1381076255,0,0,240,34
34404,9,0,164352,131,240,551
34404,6,1437616197,0,0,240,34
34404,6,1544647236,0,0,240,34
34404,6,1544647233,0,0,240,34
34404,9,0,15360,34,240,551
34404,4,1571975132,0,0,240,35
332,2,0,0,0,224,8450
332,2,0,0,0,224,8450
332,4,1267348146,0,0,224,258
332,2,0,0,0,224,8450
332,2,0,0,0,224,8450
43620,6,581802170,0,0,240,34
332,6,3890906227,0,0,224,290
43620,6,3441924811,0,0,240,34
332,5,840786483,0,0,224,258
332,2,0,0,0,224,8450
332,2,0,0,0,224,8450
332,2,0,0,0,224,8450
332,2,0,0,0,224,8450
332,4,1301485200,0,0,224,258
332,3,998098977,0,0,224,271
332,6,1501055655,0,0,224,259
34404,7,1501055587,0,0,240,35
34404,10,1495104271,0,0,240,559
34404,10,1495104271,0,0,240,559
332,11,1601467253,249856,0,224,302
34404,6,1084946325,0,0,240,34
332,2,0,0,0,224,8450
332,2,0,0,0,224,8450
332,2,0,0,0,224,8450
332,2,0,0,0,224,8450
332,2,0,0,0,224,8450
34404,7,43844110,0,0,240,34
332,2,0,0,0,224,8450
332,2,0,0,0,224,8450
34404,10,1495104271,0,0,240,559
34404,9,0,29696,63,240,551
34404,4,1336765835,0,0,240,35
34404,7,1543367330,0,0,240,34
34404,10,0,18944,60,240,551
34404,10,0,20480,62,240,551
452,6,1530916234,0,0,224,290
332,3,1571976530,0,0,224,270
332,8,1459953544,0,0,224,33167
332,8,1488427184,0,0,224,783
332,3,3820211635,0,0,224,258
34404,6,296359494,0,0,240,34
332,5,1234513192,0,0,224,783
332,2,0,0,0,224,8450
332,2,0,0,0,224,8450
34404,10,1495104271,0,0,240,559
332,5,1401493032,0,0,224,258
332,6,1460126116,0,0,224,258
34404,10,1604460651,0,0,240,34
332,6,1505403484,0,0,224,258
332,2,0,0,0,224,8450
332,12,904279490,0,0,224,814
332,11,872821752,0,0,224,814
332,11,1036664214,0,0,224,814
332,12,904279490,0,0,224,814
332,12,904279490,0,0,224,814
332,9,0,0,0,224,815
34404,14,2927668848,0,0,240,558
34404,13,2816518096,0,0,240,558
34404,14,2929241744,0,0,240,558
34404,14,2929241744,0,0,240,558
34404,6,1569170534,0,0,240,34
34404,9,0,28672,73,240,551
34404,10,0,108544,125,240,551
332,2,0,0,0,224,8450
34404,10,1495104271,0,0,240,559
332,6,973786815,0,0,224,270
332,8,1353544471,14336,749,224,775
332,3,1536767727,0,0,224,34
34404,9,1484070812,0,0,240,34
43620,6,556486526,0,0,240,34
332,7,337424,0,0,224,815
34404,9,1530184942,0,0,240,34
332,4,1463777112,0,0,224,259
332,4,1463775476,0,0,224,259
332,2,0,0,0,224,8450
332,2,0,0,0,224,8450
332,2,0,0,0,224,8450
332,5,1426572062,0,0,224,290
332,2,0,0,0,224,8450
332,2,0,0,0,224,8450
332,2,0,0,0,224,8450
332,2,0,0,0,224,8450
34404,6,1536133213,0,0,240,34
34404,11,0,0,0,240,558
332,4,1268517096,0,0,224,258
332,4,1268466393,0,0,224,258
332,7,1505717939,0,0,224,258
332,2,0,0,0,224,8450
332,2,0,0,0,224,8450
34404,7,2053311390,0,0,240,34
332,2,0,0,0,224,8450
332,2,0,0,0,224,8450
332,2,0,0,0,224,8450
332,2,0,0,0,224,8450
34404,9,0,97792,95,240,551
34404,6,1526692235,0,0,240,34
43620,6,3810186558,0,0,240,34
34404,6,4105543128,0,0,240,34
332,2,0,0,0,224,8450
332,2,0,0,0,224,8450
332,2,0,0,0,224,8450
332,2,0,0,0,224,8450
332,2,0,0,0,224,8450
34404,9,0,73728,112,240,551
34404,9,0,26624,62,240,551
332,7,858864,0,0,224,815
332,2,0,0,0,224,8450
332,2,0,0,0,224,8450
34404,10,1495104271,0,0,240,559
332,2,0,0,0,224,8450
332,5,1234513193,0,0,224,783
332,2,0,0,0,224,8450
332,2,0,0,0,224,8450
332,5,1193609434,0,0,224,290
332,5,1450096507,0,0,224,258
332,2,0,0,0,224,8450
332,2,0,0,0,224,8450
332,5,2183127337,0,0,224,290
332,6,4229394877,0,0,224,290
43620,6,2330359407,0,0,240,34
43620,6,16196200,0,0,240,34
43620,6,602466968,0,0,240,34
34404,8,1936029986,249856,170,240,551
332,2,0,0,0,224,8450
332,2,0,0,0,224,8450
332,2,0,0,0,224,8450
332,2,0,0,0,224,8450
332,15,1505339716,714240,4786,224,263
34404,17,1505339716,1196544,5443,240,39
332,2,0,0,0,224,8450
332,2,0,0,0,224,8450
34404,7,1565798893,0,0,240,35
332,2,0,0,0,224,8450
34404,10,1495104271,0,0,240,559
34404,10,1495104271,0,0,240,559
34404,10,1495104271,0,0,240,559
34404,10,1495104271,0,0,240,559
34404,10,1495104271,0,0,240,559
332,2,0,0,0,224,8450
332,2,0,0,0,224,8450
332,6,1601076317,0,0,224,258
332,6,1601076232,0,0,224,258
332,6,1601076178,0,0,224,258
34404,7,1601076976,0,0,240,34
34404,6,1566866388,0,0,240,34
34404,7,1468588915,0,0,240,34
332,4,1265283600,0,0,224,258
332,2,0,0,0,224,8450
332,2,0,0,0,224,8450
34404,6,1445506661,0,0,240,34
34404,9,0,36352,76,240,551
332,2,0,0,0,224,8450
332,2,0,0,0,224,8450
34404,9,0,30720,76,240,551
332,2,0,0,0,224,8450
332,2,0,0,0,224,8450
332,2,0,0,0,224,8450
332,2,0,0,0,224,8450
34404,6,2564149526,0,0,240,34
332,2,0,0,0,224,8450
332,2,0,0,0,224,8450
332,2,0,0,0,224,8450
332,2,0,0,0,224,8450
332,4,1602051358,0,0,224,258
34404,5,1602051375,0,0,240,34
34404,8,1936029986,25600,67,240,551
332,2,0,0,0,224,8450
332,2,0,0,0,224,8450
34404,8,1544461087,0,0,240,34
34404,3,1532729347,0,0,240,8226
34404,3,1532729349,0,0,240,8226
34404,6,1701274277,0,0,240,34
332,2,0,0,0,224,8450
332,2,0,0,0,224,8450
332,2,0,0,0,224,8450
332,2,0,0,0,224,8450
332,2,0,0,0,224,8450
332,2,0,0,0,224,8450
332,3,3233733496,0,0,224,34
332,5,1536732988,0,0,224,258
34404,8,1936029986,32256,41,240,551
332,7,1516719263,0,0,224,258
332,8,708992537,0,0,224,33167
332,5,1446776455,0,0,224,290
34404,10,1495104271,0,0,240,559
332,2,0,0,0,224,8450
332,2,0,0,0,224,8450
34404,7,1603104108,0,0,240,34
34404,7,1603104110,0,0,240,34
332,2,0,0,0,224,8450
43620,6,3602980854,0,0,240,34
332,2,0,0,0,224,8450
332,2,0,0,0,224,8450
332,2,0,0,0,224,8450
34404,7,3780851299,0,0,240,34
34404,6,3889661433,0,0,240,34
332,2,0,0,0,224,8450
332,2,0,0,0,224,8450
332,3,1552226607,0,0,224,270
332,6,1539711270,0,0,224,783
332,5,1602051597,0,0,224,258
332,2,0,0,0,224,8450
332,2,0,0,0,224,8450
34404,7,3741266609,0,0,240,34
332,5,1568798214,0,0,224,258
34404,9,131072,15872,79,240,551
332,3,1511829818,0,0,224,34
34404,9,0,596480,316,240,551
34404,9,0,596480,316,240,551
332,5,2807606238,0,0,224,258
34404,9,1750347053,33280,127,240,551
332,4,1554181681,0,0,224,259
34404,17,1528958244,160768,832,240,39
332,2,0,0,0,224,8450
34404,6,767223518,0,0,240,34
332,3,3039046834,0,0,224,34
34404,17,1528958244,159232,803,240,39
34404,17,1528958244,150528,825,240,39
332,5,1413967117,0,0,224,258
332,2,0,0,0,224,8450
332,2,0,0,0,224,8450
34404,8,1936029986,14848,63,240,551
332,17,1528958245,305152,1480,224,263
34404,18,1528958245,326656,1713,240,39
34404,10,0,108032,122,240,551
332,3,1476779713,0,0,224,258
332,5,1476779574,0,0,224,258
34404,6,1476779631,0,0,240,34
34404,7,1500945701,0,0,240,34
34404,2,1500945715,0,0,240,34
34404,2,1500945710,0,0,240,34
34404,7,1545244671,0,0,240,34
34404,9,0,10752,51,240,551
332,8,1459953544,0,0,224,33167
34404,13,1529665795,18269696,22023,240,38
34404,13,1529665795,18269696,22023,240,38
34404,13,1529665795,18269696,22023,240,38
34404,13,1529665795,18269696,22023,240,38
34404,13,1529665795,18269696,22023,240,38
332,3,1528405772,0,0,224,34
34404,13,1529665788,487424,1972,240,38
34404,13,1529665795,18269696,22023,240,38
34404,13,1529665795,18269696,22023,240,38
34404,13,1529665795,18269696,22023,240,38
34404,13,1529665795,18269696,22023,240,38
34404,13,1529665795,18269696,22023,240,38
34404,13,1529665795,18269696,22023,240,38
34404,13,1529665795,18269696,22023,240,38
34404,13,1529665795,18269696,22023,240,38
34404,13,1529665795,18269696,22023,240,38
34404,13,1529665795,18269696,22023,240,38
34404,13,1529665795,18269696,22023,240,38
34404,13,1529665795,18269696,22023,240,38
34404,13,1529665795,18269696,22023,240,38
34404,13,1529665795,18269696,22023,240,38
34404,13,1529665795,18269696,22023,240,38
34404,13,1529665788,486400,1972,240,38
34404,13,1529665795,18269696,22023,240,38
34404,13,1529665795,18269696,22023,240,38
34404,13,1529665795,18269696,22023,240,38
34404,13,1529665795,18269696,22023,240,38
34404,13,1529665795,18269696,22023,240,38
34404,13,1529665795,18269696,22023,240,38
332,3,1528405710,0,0,224,34
34404,13,1529665791,10768896,14910,240,38
34404,11,1529665784,321536,1705,240,39
34404,13,1529665795,18269696,22023,240,38
34404,13,1529665791,10749952,14919,240,38
34404,13,1529665795,18269696,22023,240,38
34404,13,1529665795,18269696,22023,240,38
34404,13,1529665795,18269696,22023,240,38
34404,13,1529665795,18269696,22023,240,38
34404,13,1529665795,18269696,22023,240,38
34404,13,1529665795,18269696,22023,240,38
34404,13,1529665795,18269696,22023,240,38
34404,13,1529665791,10865152,14934,240,38
34404,13,1529665795,18269696,22023,240,38
34404,13,1529665795,18269696,22023,240,38
34404,13,1529665795,18269696,22023,240,38
34404,13,1529665795,18269696,22023,240,38
34404,13,1529665795,18269696,22023,240,38
34404,13,1529665795,18269696,22023,240,38
34404,13,1529665795,18269696,22023,240,38
34404,13,1529665795,18269696,22023,240,38
34404,13,1529665795,18269696,22023,240,38
34404,13,1529665795,18269696,22023,240,38
34404,13,1529665788,486400,1972,240,38
34404,13,1529665795,18269696,22023,240,38
34404,13,1529665795,18269696,22023,240,38
34404,13,1529665791,10715648,14805,240,38
34404,13,1529665793,11070976,15361,240,38
34404,13,1529665794,11077632,15385,240,38
34404,13,1529665791,11108352,15600,240,38
34404,13,1529665795,18269696,22023,240,38
34404,13,1529665795,18269696,22023,240,38
34404,13,1529665795,18269696,22023,240,38
34404,13,1529665795,18269696,22023,240,38
34404,13,1529665788,378368,1971,240,38
34404,13,1529665795,18269696,22023,240,38
34404,13,1529665795,18269696,22023,240,38
34404,13,1529665795,18269696,22023,240,38
34404,13,1529665795,18269696,22023,240,38
34404,13,1529665795,18269696,22023,240,38
34404,13,1529665795,18269696,22023,240,38
34404,13,1529665795,18269696,22023,240,38
34404,13,1529665795,18269696,22023,240,38
34404,13,1529665795,18269696,22023,240,38
34404,13,1529665795,18269696,22023,240,38
34404,13,1529665795,18269696,22023,240,38
34404,13,1529665795,18269696,22023,240,38
34404,13,1529665795,18269696,22023,240,38
34404,13,1529665795,18269696,22023,240,38
34404,13,1529665795,18269696,22023,240,38
34404,13,1529665795,18269696,22023,240,38
34404,13,1529665795,18269696,22023,240,38
34404,13,1529665795,18269696,22023,240,38
34404,13,1529665795,18269696,22023,240,38
34404,13,1529665795,18269696,22023,240,38
34404,13,1529665795,18269696,22023,240,38
34404,13,1529665795,18269696,22023,240,38
34404,13,1529665795,18269696,22023,240,38
34404,13,1529665795,18269696,22023,240,38
34404,13,1529665795,18269696,22023,240,38
34404,13,1529665795,18269696,22023,240,38
34404,13,1529665795,18269696,22023,240,38
34404,13,1529665795,18269696,22023,240,38
34404,13,1529665795,18269696,22023,240,38
34404,13,1529665795,18269696,22023,240,38
34404,13,1529665795,18269696,22023,240,38
34404,13,1529665795,18269696,22023,240,38
34404,13,1529665795,18269696,22023,240,38
34404,13,1529665794,11147776,15392,240,38
34404,13,1529665794,11147776,15392,240,38
34404,13,1529665794,11147776,15392,240,38
34404,13,1529665794,11147776,15392,240,38
34404,13,1529665795,18269696,22023,240,38
34404,13,1529665795,18269696,22023,240,38
34404,13,1529665795,18269696,22023,240,38
34404,13,1529665795,18269696,22023,240,38
34404,13,1529665795,18269696,22023,240,38
34404,13,1529665795,18269696,22023,240,38
34404,13,1529665795,18269696,22023,240,38
34404,13,1529665795,18269696,22023,240,38
34404,13,1529665795,18269696,22023,240,38
34404,13,1529665795,18269696,22023,240,38
34404,13,1529665795,18269696,22023,240,38
34404,13,1529665792,10669568,14775,240,38
34404,13,1529665795,18269696,22023,240,38
34404,13,1529665795,18269696,22023,240,38
34404,13,1529665792,10670080,14766,240,38
34404,13,1529665795,18269696,22023,240,38
34404,13,1529665795,18269696,22023,240,38
34404,13,1529665795,18269696,22023,240,38
34404,13,1529665795,18269696,22023,240,38
34404,13,1529665795,18269696,22023,240,38
34404,13,1529665795,18269696,22023,240,38
34404,13,1529665795,18269696,22023,240,38
34404,13,1529665795,18269696,22023,240,38
34404,13,1529665795,18269696,22023,240,38
34404,13,1529665795,18269696,22023,240,38
34404,13,1529665795,18269696,22023,240,38
34404,13,1529665795,18269696,22023,240,38
34404,13,1529665795,18269696,22023,240,38
34404,13,1529665795,18269696,22023,240,38
34404,13,1529665795,18269696,22023,240,38
34404,13,1529665795,18269696,22023,240,38
34404,13,1529665795,18269696,22023,240,38
34404,13,1529665795,18269696,22023,240,38
34404,13,1529665795,18269696,22023,240,38
34404,13,1529665795,18269696,22023,240,38
34404,13,1529665795,18269696,22023,240,38
34404,13,1529665788,378368,1971,240,38
34404,13,1529665795,18269696,22023,240,38
34404,13,1529665788,378368,1971,240,38
332,3,1528405696,0,0,224,34
34404,13,1529665788,486400,1972,240,38
34404,9,0,31232,74,240,551
34404,10,1495104271,0,0,240,559
332,6,1505520759,0,0,224,258
34404,6,1509152291,0,0,240,34
34404,9,1750347053,38912,141,240,551
332,5,1400177676,0,0,224,258
332,3,1552226229,0,0,224,270
34404,9,1600586105,10752,38,240,551
34404,17,1476806328,3527680,10894,240,39
332,2,0,0,0,224,8450
332,2,0,0,0,224,8450
34404,9,0,29184,52,240,551
34404,9,0,910336,218,240,551
34404,9,0,19456,63,240,551
34404,9,0,63488,95,240,551
34404,9,0,27648,80,240,551
34404,9,0,51712,83,240,551
34404,9,0,334848,147,240,551
332,2,0,0,0,224,8450
332,2,0,0,0,224,8450
332,2,0,0,0,224,8450
332,7,1516211495,0,0,224,258
332,3,1516718148,0,0,224,258
332,4,1268459067,0,0,224,258
34404,6,3049829453,0,0,240,34
34404,9,0,9216,25,240,551
34404,9,2097153,203776,143,240,551
332,4,1269537332,0,0,224,258
332,4,1269490099,0,0,224,258
34404,9,0,30208,74,240,551
332,2,0,0,0,224,8450
332,2,0,0,0,224,8450
34404,9,65536,20480,99,240,551
34404,11,1503498881,0,0,240,34
34404,9,1503496227,0,0,240,34
34404,9,0,99328,94,240,551
34404,7,1545244668,0,0,240,34
34404,7,1545244612,0,0,240,34
34404,6,1545244679,0,0,240,34
34404,7,1545244614,0,0,240,34
34404,7,1545244612,0,0,240,34
34404,6,1545244678,0,0,240,34
34404,7,1545244612,0,0,240,34
34404,6,1545244681,0,0,240,34
34404,7,1545244616,0,0,240,34
34404,7,1545244615,0,0,240,34
34404,7,1545244613,0,0,240,34
34404,7,1545244613,0,0,240,34
34404,6,1545244679,0,0,240,34
34404,7,1545244612,0,0,240,34
34404,7,1545244612,0,0,240,34
34404,6,1545244681,0,0,240,34
34404,7,1545244616,0,0,240,34
34404,7,1545244612,0,0,240,34
34404,6,1545244680,0,0,240,34
34404,7,1545244614,0,0,240,34
34404,7,1545244614,0,0,240,34
34404,7,1545244670,0,0,240,34
332,5,1400177678,0,0,224,258
332,4,1512940726,0,0,224,259
34404,7,1319254917,0,0,240,34
332,6,1533033567,0,0,224,258
332,2,0,0,0,224,8450
332,3,1600327489,0,0,224,34
332,3,1478188466,0,0,224,34
332,3,1489013883,0,0,224,258
332,7,1505899744,0,0,224,258
332,7,1530208009,0,0,224,258
332,2,0,0,0,224,8450
332,2,0,0,0,224,8450
34404,9,0,39936,83,240,551
332,5,1400177678,0,0,224,258
332,5,1400177679,0,0,224,258
332,4,1276632442,0,0,224,271
332,2,0,0,0,224,8450
332,2,0,0,0,224,8450
332,4,1197498047,0,0,224,271
332,2,0,0,0,224,8450
332,2,0,0,0,224,8450
332,2,0,0,0,224,8450
332,2,0,0,0,224,8450
332,2,0,0,0,224,8450
332,3,1140628235,0,0,224,271
332,2,0,0,0,224,8450
332,5,1400177660,0,0,224,290
332,5,1401493032,0,0,224,258
332,2,0,0,0,224,8450
332,5,1400177690,0,0,224,258
34404,9,0,15360,36,240,551
34404,6,1522117977,0,0,240,34
332,3,1536736027,0,0,224,34
332,3,1536736026,0,0,224,34
332,3,1536736092,0,0,224,34
332,3,1536735934,0,0,224,34
332,3,1536767732,0,0,224,258
34404,2,1536767736,0,0,240,34
332,3,1536767736,0,0,224,258
34404,2,1536767736,0,0,240,34
332,3,1536767732,0,0,224,258
34404,2,1536767732,0,0,240,34
332,4,1560445931,0,0,224,291
332,4,1536735853,0,0,224,291
332,4,1536735853,0,0,224,291
34404,5,1536735853,0,0,240,35
34404,5,1536735854,0,0,240,35
332,3,1536735893,0,0,224,34
332,3,1536735893,0,0,224,34
34404,6,1526692235,0,0,240,34
34404,6,1554385360,0,0,240,34
34404,6,1522114398,0,0,240,34
34404,6,1538828596,0,0,240,34
34404,6,1526692235,0,0,240,34
34404,6,1538828700,0,0,240,34
34404,6,1538828597,0,0,240,34
34404,6,1526692235,0,0,240,34
34404,6,1412713642,0,0,240,34
34404,6,1538828597,0,0,240,34
34404,7,1563522964,0,0,240,34
34404,9,0,43008,83,240,551
332,2,0,0,0,224,8450
332,5,1466583050,0,0,224,258
34404,6,1542609573,0,0,240,34
34404,7,1510201958,0,0,240,34
34404,6,1526692235,0,0,240,34
34404,6,1538828606,0,0,240,34
34404,6,1526692235,0,0,240,34
332,3,1571978025,0,0,224,270
43620,6,3016671809,0,0,240,34
332,2,0,0,0,224,8450
332,2,0,0,0,224,8450
34404,6,1522114434,0,0,240,34
34404,10,1495104271,0,0,240,559
34404,6,1526692235,0,0,240,34
34404,6,1526692235,0,0,240,34
34404,6,1526692236,0,0,240,34
332,5,1530149377,0,0,224,258
34404,10,1495104271,0,0,240,559
34404,10,1495104271,0,0,240,559
34404,10,1495104271,0,0,240,559
34404,10,1495104271,0,0,240,559
34404,10,1495104271,0,0,240,559
34404,10,1495104271,0,0,240,559
34404,10,1495104271,0,0,240,559
34404,10,1495104271,0,0,240,559
332,5,1530149375,0,0,224,258
332,7,1478705681,0,0,224,783
34404,6,1530147793,0,0,240,34
332,2,0,0,0,224,8450
332,2,0,0,0,224,8450
34404,10,1495104271,0,0,240,559
34404,6,1538828598,0,0,240,34
34404,17,1528958244,188928,1134,240,39
34404,10,1495104271,0,0,240,559
34404,6,1538828620,0,0,240,34
34404,6,1538828621,0,0,240,34
332,2,0,0,0,224,8450
332,2,0,0,0,224,8450
332,2,0,0,0,224,8450
332,2,0,0,0,224,8450
34404,6,1538828621,0,0,240,34
332,2,0,0,0,224,8450
332,2,0,0,0,224,8450
332,2,0,0,0,224,8450
332,2,0,0,0,224,8450
332,6,2041652924,0,0,224,41358
332,5,1070282296,0,0,224,270
332,2,0,0,0,224,8450
332,2,0,0,0,224,8450
332,3,1501085707,0,0,224,33167
34404,6,3150262893,0,0,240,34
332,2,0,0,0,224,8450
332,2,0,0,0,224,8450
332,6,1505403505,0,0,224,258
332,5,1358753324,0,0,224,270
332,5,1358751149,0,0,224,270
332,5,1358753342,0,0,224,270
332,5,1476779399,0,0,224,258
332,3,1463387457,0,0,224,258
34404,10,1495104271,0,0,240,559
332,3,1552226610,0,0,224,270
34404,3,1446777721,0,0,240,8226
34404,6,1544647572,0,0,240,34
34404,17,1528958244,192512,1090,240,39
34404,12,1528958245,28160,122,240,39
34404,4,1571975246,0,0,240,35
34404,7,2364670093,0,0,240,34
34404,9,0,146432,100,240,551
34404,9,0,10752,30,240,551
34404,9,0,16384,33,240,551
34404,7,3126545919,0,0,240,34
332,2,0,0,0,224,8450
332,2,0,0,0,224,8450
332,2,0,0,0,224,8450
332,2,0,0,0,224,8450
332,4,1268293100,0,0,224,258
332,2,0,0,0,224,8450
332,5,1495526388,0,0,224,258
34404,6,1544647591,0,0,240,34
34404,9,0,27648,68,240,551
332,3,3826787987,0,0,224,34
34404,6,1571976506,0,0,240,34
332,2,0,0,0,224,8450
34404,10,1495104271,0,0,240,559
332,9,887436485,0,0,224,814
34404,9,0,60928,110,240,551
34404,17,1528958244,203776,1150,240,39
332,2,0,0,0,224,8450
34404,8,1936029986,140288,127,240,551
332,2,0,0,0,224,8450
332,2,0,0,0,224,8450
34404,6,3606980715,0,0,240,34
332,2,0,0,0,224,8450
332,2,0,0,0,224,8450
332,2,0,0,0,224,8450
34404,6,1411652598,0,0,240,34
34404,6,1488180224,0,0,240,34
332,2,0,0,0,224,8450
332,2,0,0,0,224,8450
332,2,0,0,0,224,8450
332,2,0,0,0,224,8450
34404,9,0,27648,69,240,551
34404,6,3230291026,0,0,240,34
332,2,0,0,0,224,8450
34404,8,1512976474,0,0,240,34
332,2,0,0,0,224,8450
332,2,0,0,0,224,8450
332,2,0,0,0,224,8450
332,2,0,0,0,224,8450
332,2,0,0,0,224,8450
332,2,0,0,0,224,8450
332,2,0,0,0,224,8450
332,2,0,0,0,224,8450
34404,6,1544647580,0,0,240,34
34404,9,0,126464,137,240,551
34404,10,1495104271,0,0,240,559
34404,6,1544647581,0,0,240,34
332,6,1525089600,0,0,224,302
34404,10,0,50688,84,240,551
34404,10,0,26624,79,240,551
34404,9,0,48128,62,240,551
332,3,3356772955,0,0,224,34
332,3,1446776799,0,0,224,258
332,3,1446776801,0,0,224,34
332,2,0,0,0,224,8450
332,2,0,0,0,224,8450
332,2,0,0,0,224,8450
34404,7,1759983751,0,0,240,34
34404,6,2022173892,0,0,240,34
43620,6,1266989063,0,0,240,34
332,3,2202497798,0,0,224,34
43620,6,3807285901,0,0,240,34
332,7,334024,0,0,224,815
332,2,0,0,0,224,8450
332,2,0,0,0,224,8450
34404,5,1563522956,0,0,240,34
332,2,0,0,0,224,8450
332,2,0,0,0,224,8450
332,6,1465897380,0,0,224,258
34404,9,1465898180,0,0,240,34
332,2,0,0,0,224,8450
332,2,0,0,0,224,8450
332,2,0,0,0,224,8450
332,3,3216650368,0,0,224,34
332,2,0,0,0,224,8450
332,2,0,0,0,224,8450
43620,6,1655207220,0,0,240,34
332,2,0,0,0,224,8450
332,2,0,0,0,224,8450
34404,7,1511169831,0,0,240,35
332,3,1552226598,0,0,224,270
332,3,4004219826,0,0,224,34
34404,9,0,42496,83,240,551
332,3,2205300885,0,0,224,34
332,2,0,0,0,224,8450
332,2,0,0,0,224,8450
34404,6,2666537912,0,0,240,34
332,2,0,0,0,224,8450
34404,6,1314769927,0,0,240,34
332,3,1552226590,0,0,224,270
332,2,0,0,0,224,8450
332,2,0,0,0,224,8450
332,2,0,0,0,224,8450
332,2,0,0,0,224,8450
332,5,1602221281,0,0,224,258
332,1,1223596626,0,0,224,8482
34404,10,1495104271,0,0,240,559
332,2,0,0,0,224,8450
332,5,1472110047,0,0,224,258
332,5,1427966320,0,0,224,258
332,1,1223596626,0,0,224,8482
332,1,1223596626,0,0,224,8482
34404,7,1551845160,0,0,240,34
34404,7,1551843894,0,0,240,34
332,2,0,0,0,224,8450
332,2,0,0,0,224,8450
43620,7,1048512024,0,0,240,34
332,3,1446776802,0,0,224,34
332,2,0,0,0,224,8450
332,2,0,0,0,224,8450
332,2,0,0,0,224,8450
332,3,2868914886,0,0,224,8450
34404,2,4232097582,0,0,240,34
332,3,3151723058,0,0,224,258
332,3,2567469992,0,0,224,8450
332,1,1223596626,0,0,224,8482
332,3,2984988537,0,0,224,258
332,5,1527654007,0,0,224,290
34404,6,1739523357,0,0,240,34
34404,2,2768099900,0,0,240,8226
332,3,1524224988,0,0,224,8450
34404,6,2904794636,0,0,240,34
34404,2,2484134115,0,0,240,34
34404,7,713011206,0,0,240,34
43620,6,1604170728,0,0,240,34
34404,7,713011206,0,0,240,34
34404,7,713011206,0,0,240,34
34404,7,3717829902,0,0,240,34
332,5,1604170699,0,0,224,258
332,5,1604170664,0,0,224,258
34404,7,1604170698,0,0,240,34
332,5,1604170721,0,0,224,258
332,5,1604170666,0,0,224,258
332,5,1604170983,0,0,224,258
332,5,1604170983,0,0,224,258
34404,7,1604460651,0,0,240,34
332,5,1273017761,0,0,224,290
332,5,113954216,0,0,224,290
43620,6,4195640922,0,0,240,34
43620,7,255258904,0,0,240,34
34404,6,38790799,0,0,240,34
332,3,1508789485,0,0,224,258
34404,6,1281175006,0,0,240,34
332,2,0,0,0,224,8450
332,2,0,0,0,224,8450
332,2,0,0,0,224,8450
332,2,0,0,0,224,8450
34404,17,1528958244,167936,865,240,39
332,2,0,0,0,224,8450
332,2,0,0,0,224,8450
332,5,1942754,0,0,224,783
332,1,1269487058,0,0,224,8450
332,2,0,0,0,224,8450
34404,9,1476904957,0,0,240,34
332,3,1552226594,0,0,224,270
34404,9,0,64000,93,240,551
332,7,1002156,0,0,224,815
34404,9,0,29696,71,240,551
34404,17,1528958245,193536,1152,240,39
34404,9,0,33280,74,240,551
34404,17,1528958245,192512,1174,240,39
332,15,1534906546,197120,2001,224,263
332,5,1400177700,0,0,224,258
34404,9,0,37376,91,240,551
34404,7,1474373117,0,0,240,34
34404,6,1538373739,0,0,240,34
332,2,0,0,0,224,8450
332,2,0,0,0,224,8450
332,2,0,0,0,224,8450
332,2,0,0,0,224,8450
332,2,0,0,0,224,8450
332,2,0,0,0,224,8450
34404,7,1327928464,0,0,240,34
34404,6,1544647066,0,0,240,34
332,3,3331941082,0,0,224,34
332,2,0,0,0,224,8450
34404,8,1554117783,0,0,240,34
332,2,0,0,0,224,8450
332,2,0,0,0,224,8450
332,2,0,0,0,224,8450
34404,5,1336765790,0,0,240,35
332,3,2916658188,0,0,224,34
332,3,1552226561,0,0,224,270
332,8,1559344204,0,0,224,258
332,3,3095655188,0,0,224,34
332,3,3277332490,0,0,224,34
332,3,1552226591,0,0,224,270
332,8,1559344436,0,0,224,258
332,3,1552226593,0,0,224,270
332,3,3549329597,0,0,224,34
332,3,1552226578,0,0,224,270
332,4,1552225957,0,0,224,259
332,3,1563522964,0,0,224,34
332,3,1552226581,0,0,224,270
332,5,1400177702,0,0,224,258
332,2,0,0,0,224,8450
332,2,0,0,0,224,8450
332,3,3191821545,0,0,224,34
332,2,0,0,0,224,8450
34404,7,1904316659,0,0,240,34
34404,6,68307424,0,0,240,34
332,3,1446776473,0,0,224,258
34404,9,0,16384,62,240,551
34404,8,1521483904,0,0,240,34
332,9,1541110396,0,0,224,258
34404,7,1895091072,0,0,240,34
34404,6,2390318047,0,0,240,34
332,2,0,0,0,224,8450
332,2,0,0,0,224,8450
332,2,0,0,0,224,8450
34404,7,3502344363,0,0,240,2082
34404,7,109608180,0,0,240,2082
332,5,1267445223,0,0,224,258
332,2,0,0,0,224,8450
332,2,0,0,0,224,8450
332,2,0,0,0,224,8450
332,2,0,0,0,224,8450
332,2,0,0,0,224,8450
332,1,1498454605,0,0,224,8482
34404,2,1571976366,0,0,240,302
332,3,3762051061,0,0,224,8450
332,3,1446776915,0,0,224,290
332,3,2463193148,0,0,224,8450
34404,6,1355628932,0,0,240,34
332,2,0,0,0,224,8450
332,2,0,0,0,224,8450
332,2,0,0,0,224,8450
332,2,0,0,0,224,8450
34404,4,1571975126,0,0,240,35
332,2,0,0,0,224,8450
332,2,0,0,0,224,8450
332,2,0,0,0,224,8450
332,2,0,0,0,224,8450
332,2,0,0,0,224,8450
332,2,0,0,0,224,8450
332,2,0,0,0,224,8450
332,2,0,0,0,224,8450
332,2,0,0,0,224,8450
332,2,0,0,0,224,8450
332,2,0,0,0,224,8450
34404,11,1604460651,0,0,240,34
34404,11,1604460651,0,0,240,34
34404,9,1604460651,0,0,240,34
34404,10,1604460651,0,0,240,34
332,2,0,0,0,224,8450
332,2,0,0,0,224,8450
34404,9,1,21504,97,240,551
34404,9,1,19968,106,240,551
34404,9,1936029986,20480,107,240,551
34404,9,1750347053,19968,113,240,551
34404,9,1750347053,17920,93,240,551
34404,9,1750347053,17920,93,240,551
34404,9,1,15360,85,240,551
34404,9,0,25088,110,240,551
34404,9,1750347053,71168,195,240,551
34404,9,0,94720,133,240,551
34404,9,1610952710,39936,150,240,551
34404,9,1750347053,45568,185,240,551
34404,9,1750347053,27136,113,240,551
34404,9,1,18944,106,240,551
332,2,0,0,0,224,8450
332,2,0,0,0,224,8450
332,2,0,0,0,224,8450
332,2,0,0,0,224,8450
452,6,4114506582,0,0,224,290
452,6,94718266,0,0,224,290
332,2,0,0,0,224,8450
332,2,0,0,0,224,8450
452,6,3907465388,0,0,224,290
452,6,2880863093,0,0,224,290
332,4,1433740777,0,0,224,259
452,6,3535055570,0,0,224,290
452,6,797133348,0,0,224,290
332,2,0,0,0,224,8450
332,2,0,0,0,224,8450
332,2,0,0,0,224,8450
452,6,244733276,0,0,224,290
332,1,1223596626,0,0,224,8482
332,2,0,0,0,224,8450
34404,6,727376053,0,0,240,34
34404,7,1521483986,0,0,240,34
332,6,1521485512,0,0,224,258
332,2,0,0,0,224,8450
332,4,1263177957,0,0,224,258
332,1,1269487059,0,0,224,8450
332,2,0,0,0,224,8450
332,4,1268733382,0,0,224,258
332,4,1268733404,0,0,224,258
34404,6,1267349053,0,0,240,34
332,6,935153448,0,0,224,258
332,2,0,0,0,224,8450
332,2,0,0,0,224,8450
332,2,0,0,0,224,8450
332,6,1413934509,0,0,224,290
332,4,1267444491,0,0,224,258
332,11,1267348437,0,0,224,258
332,2,0,0,0,224,8450
332,2,0,0,0,224,8450
332,2,0,0,0,224,8450
332,2,0,0,0,224,8450
332,2,0,0,0,224,8450
332,2,0,0,0,224,8450
332,2,0,0,0,224,8450
332,2,0,0,0,224,8450
34404,6,1824298245,0,0,240,34
332,3,2905457142,0,0,224,258
332,2,0,0,0,224,8450
332,2,0,0,0,224,8450
332,2,0,0,0,224,8450
34404,9,0,0,0,240,559
332,2,0,0,0,224,8450
332,2,0,0,0,224,8450
332,2,0,0,0,224,8450
332,2,0,0,0,224,8450
34404,9,0,102400,107,240,551
332,8,0,54784,108,224,807
332,3,3648437270,0,0,224,34
332,2,0,0,0,224,8450
332,2,0,0,0,224,8450
332,2,0,0,0,224,8450
332,2,0,0,0,224,8450
332,2,0,0,0,224,8450
332,2,0,0,0,224,8450
34404,9,0,452096,234,240,551
34404,10,1495104271,0,0,240,559
332,5,1469609703,0,0,224,258
332,2,0,0,0,224,8450
332,2,0,0,0,224,8450
332,2,0,0,0,224,8450
332,2,0,0,0,224,8450
332,2,0,0,0,224,8450
332,2,0,0,0,224,8450
332,2,0,0,0,224,8450
332,2,0,0,0,224,8450
332,2,0,0,0,224,8450
332,2,0,0,0,224,8450
332,7,1493012386,0,0,224,8450
34404,8,1493012855,0,0,240,8226
43620,6,2059155388,0,0,240,34
34404,10,0,79872,64,240,551
34404,10,0,79872,64,240,551
332,3,1537825516,0,0,224,258
332,2,0,0,0,224,8450
332,2,0,0,0,224,8450
34404,6,1515631220,0,0,240,34
332,3,1515630550,0,0,224,34
34404,6,1515631209,0,0,240,34
34404,6,1515631228,0,0,240,34
34404,6,1600753164,0,0,240,34
332,7,1552913773,0,0,224,258
332,8,1552912659,0,0,224,258
332,6,1552912283,0,0,224,258
332,6,1552912798,0,0,224,258
332,5,1459714727,0,0,224,271
34404,9,0,34304,83,240,551
332,8,1459953544,0,0,224,33167
332,8,1604590021,0,0,224,258
332,2,0,0,0,224,8450
332,2,0,0,0,224,8450
332,2,0,0,0,224,8450
332,5,1481493120,0,0,224,271
332,9,1473435854,0,0,224,783
332,2,0,0,0,224,8450
332,8,0,66048,85,224,807
34404,6,1544647242,0,0,240,34
34404,2,3576293750,0,0,240,34
332,3,2353303152,0,0,224,258
34404,8,1603104036,0,0,240,34
332,2,0,0,0,224,8450
332,3,2877219586,0,0,224,258
332,3,1537825783,0,0,224,290
332,3,1537825485,0,0,224,34
332,3,1537825291,0,0,224,34
332,3,1537825510,0,0,224,34
332,3,3658455170,0,0,224,34
332,3,1537825500,0,0,224,34
332,3,1537825266,0,0,224,34
332,3,1537825499,0,0,224,258
332,2,0,0,0,224,8450
332,2,0,0,0,224,8450
332,2,0,0,0,224,8450
332,2,0,0,0,224,8450
34404,9,0,0,0,240,559
332,2,0,0,0,224,8450
332,2,0,0,0,224,8450
34404,9,0,304640,222,240,551
34404,9,0,34816,88,240,551
332,2,0,0,0,224,8450
332,2,0,0,0,224,8450
332,2,0,0,0,224,8450
332,2,0,0,0,224,8450
332,3,1446776476,0,0,224,258
34404,3,1446777051,0,0,240,8226
332,3,1446776477,0,0,224,258
34404,3,1446777053,0,0,240,8226
34404,6,1526692236,0,0,240,34
34404,9,0,0,0,240,559
332,3,1536767725,0,0,224,34
34404,6,1462518679,0,0,240,34
34404,7,1505899369,0,0,240,34
34404,5,1243075037,0,0,240,34
512,7,1243075399,0,0,240,34
332,4,1243073705,0,0,224,258
43620,7,2808950466,0,0,240,34
332,8,0,103424,112,224,807
34404,6,3420831970,0,0,240,34
332,2,0,0,0,224,8450
332,2,0,0,0,224,8450
34404,7,1556016315,0,0,240,34
34404,6,600090114,0,0,240,34
332,2,0,0,0,224,8450
332,2,0,0,0,224,8450
332,2,0,0,0,224,8450
332,2,0,0,0,224,8450
332,2,0,0,0,224,8450
332,2,0,0,0,224,8450
34404,9,0,0,0,240,559
332,8,0,47104,91,224,807
43620,7,2381570648,0,0,240,34
43620,6,2818921799,0,0,240,34
43620,6,3553328945,0,0,240,34
332,2,0,0,0,224,8450
332,2,0,0,0,224,8450
332,2,0,0,0,224,8450
332,2,0,0,0,224,8450
43620,6,877783766,0,0,240,34
34404,8,1532486073,0,0,240,34
332,2,0,0,0,224,8450
332,8,0,28160,68,224,807
34404,9,0,33792,75,240,551
34404,9,0,162304,148,240,551
332,2,0,0,0,224,8482
332,2,0,0,0,224,8482
332,7,1535668080,0,0,224,258
34404,9,0,0,0,240,559
332,8,1528982866,0,0,224,33167
332,2,0,0,0,224,8450
34404,9,0,32256,76,240,551
332,3,1395911812,0,0,224,270
34404,6,1577296357,0,0,240,34
332,2,0,0,0,224,8450
332,2,0,0,0,224,8450
34404,6,712161986,0,0,240,34
34404,9,0,27648,68,240,551
332,9,1667851374,68096,0,224,303
332,5,1529118277,0,0,224,258
332,5,1552912213,0,0,224,258
34404,6,1552912218,0,0,240,34
332,2,0,0,0,224,8450
332,2,0,0,0,224,8450
332,2,0,0,0,224,8450
332,2,0,0,0,224,8450
332,2,0,0,0,224,8450
332,2,0,0,0,224,8450
34404,17,1528958245,200704,825,240,39
34404,6,3109923670,0,0,240,34
332,2,0,0,0,224,8450
332,2,0,0,0,224,8450
34404,9,0,47616,62,240,551
34404,6,1811184201,0,0,240,34
34404,6,1544647115,0,0,240,34
332,5,1794134971,0,0,224,258
332,2,0,0,0,224,8450
332,2,0,0,0,224,8450
332,2,0,0,0,224,8450
34404,6,1496142119,0,0,240,34
332,3,1109274278,0,0,224,3343
332,2,0,0,0,224,8450
332,8,0,30208,73,224,807
332,2,0,0,0,224,8450
332,5,1500459879,0,0,224,291
34404,6,1536896443,0,0,240,34
34404,9,0,31232,75,240,551
332,3,1599459857,0,0,224,258
332,8,1349154229,0,0,224,33167
332,5,1451424889,0,0,224,259
332,5,1481493120,0,0,224,271
332,8,708992537,0,0,224,33166
332,7,1505899379,0,0,224,258
332,3,1476264820,0,0,224,258
332,5,1481493052,0,0,224,271
332,6,1462211484,0,0,224,258
332,3,1432815833,0,0,224,271
332,8,0,41472,90,224,807
34404,6,1551777729,0,0,240,34
34404,8,1563524240,0,0,240,34
34404,7,1530304285,0,0,240,34
34404,6,1563522590,0,0,240,34
332,5,1563524600,0,0,224,290
34404,6,1563525185,0,0,240,34
332,6,1452002680,0,0,224,258
332,3,0,0,0,224,8450
34404,6,1548807134,0,0,240,34
332,5,1517284732,0,0,224,271
332,5,1517284732,0,0,224,271
332,3,1563522979,0,0,224,34
34404,6,1529339910,0,0,240,34
34404,6,1529339910,0,0,240,34
34404,6,1563522959,0,0,240,34
332,3,3672243909,0,0,224,34
34404,6,1563522956,0,0,240,34
34404,9,0,47616,62,240,551
34404,9,0,47616,62,240,551
34404,9,0,27648,68,240,551
34404,6,2977004095,0,0,240,34
332,2,0,0,0,224,8450
332,2,0,0,0,224,8450
34404,7,1526692236,0,0,240,34
34404,8,1538330469,0,0,240,34
332,5,3845390542,0,0,224,258
332,2,0,0,0,224,8450
332,2,0,0,0,224,8450
332,3,0,0,0,224,258
34404,5,1563522957,0,0,240,34
34404,10,0,77312,142,240,551
34404,8,1936029986,170496,97,240,551
34404,8,1936029986,80384,85,240,551
332,3,1591045091,0,0,224,258
34404,6,2631664774,0,0,240,34
34404,6,1537109771,0,0,240,34
332,5,1604589035,0,0,224,258
332,5,1467185242,0,0,224,258
332,5,1523431924,0,0,224,258
34404,8,1526007511,0,0,240,34
34404,6,107522714,0,0,240,34
332,2,0,0,0,224,8450
332,2,0,0,0,224,8450
34404,9,1750347053,13312,58,240,551
332,2,0,0,0,224,8450
332,2,1552227021,0,0,224,270
332,6,1466386761,0,0,224,258
332,5,1465267215,0,0,224,258
332,2,0,0,0,224,8450
34404,7,347702043,0,0,240,34
34404,7,3059101933,0,0,240,34
332,3,2311932716,0,0,224,34
332,2,0,0,0,224,8450
332,2,0,0,0,224,8450
332,3,3626544015,0,0,224,34
34404,7,3669021336,0,0,240,34
332,2,0,0,0,224,8450
332,2,0,0,0,224,8450
34404,9,0,28672,75,240,551
34404,12,0,14033408,16387,240,547
332,2,0,0,0,224,8450
332,2,0,0,0,224,8450
332,2,0,0,0,224,8450
43620,6,3746922753,0,0,240,34
332,2,0,0,0,224,8450
332,2,0,0,0,224,8450
332,5,1530566039,0,0,224,290
34404,6,1490828826,0,0,240,34
332,2,0,0,0,224,8450
34404,6,3339720146,0,0,240,34
332,2,0,0,0,224,8450
332,2,0,0,0,224,8450
332,6,1535677569,0,0,224,290
34404,4,1571976243,0,0,240,35
332,3,3617153005,0,0,224,8450
34404,7,1523057290,0,0,240,34
332,3,3077916566,0,0,224,8450
332,5,1400177809,0,0,224,258
332,5,1400177826,0,0,224,258
332,6,1537387946,0,0,224,291
332,6,1377041102,0,0,224,3330
332,7,1375458590,0,0,224,258
332,3,1198221984,0,0,224,3343
332,6,1377041102,0,0,224,3330
332,7,1423856552,0,0,224,3330
332,6,1377041102,0,0,224,3330
332,7,1375458590,0,0,224,258
34404,7,1536896431,0,0,240,34
332,3,2415799739,0,0,224,258
332,3,2415799739,0,0,224,8450
332,7,1423856552,0,0,224,3330
332,7,1423856552,0,0,224,3330
34404,9,0,126464,137,240,551
34404,7,738273216,0,0,240,34
332,2,0,0,0,224,8450
332,2,0,0,0,224,8450
34404,6,698516785,0,0,240,34
332,2,0,0,0,224,8450
34404,7,644409820,0,0,240,34
332,2,0,0,0,224,8450
332,2,0,0,0,224,8450
34404,6,3588804024,0,0,240,34
332,2,0,0,0,224,8450
332,2,0,0,0,224,8450
332,2,0,0,0,224,8450
332,2,0,0,0,224,8450
34404,11,0,2584576,271,240,550
34404,11,0,2584576,271,240,550
34404,11,0,2584576,271,240,550
332,5,1539614392,0,0,224,290
332,5,1548442070,0,0,224,290
332,5,1599204723,0,0,224,290
34404,6,1568797342,0,0,240,34
332,3,3282795469,0,0,224,34
332,7,1585677925,0,0,224,783
332,2,0,0,0,224,8450
332,2,0,0,0,224,8450
332,2,0,0,0,224,8450
332,2,0,0,0,224,8450
332,4,1310437023,0,0,224,259
34404,5,1310437039,0,0,240,35
34404,10,1495104271,0,0,240,559
332,5,1400177823,0,0,224,258
332,4,1267351767,0,0,224,258
332,5,1400177824,0,0,224,258
332,5,1537387373,0,0,224,290
34404,6,1537387860,0,0,240,34
34404,6,1537387947,0,0,240,34
332,3,1533655305,0,0,224,34
332,3,3488135065,0,0,224,34
332,5,1537825187,0,0,224,290
332,3,2990332047,0,0,224,34
332,8,1533957561,0,0,224,290
332,6,1527655380,0,0,224,258
332,6,3712729333,0,0,224,290
43620,6,1757136780,0,0,240,34
332,3,3155483820,0,0,224,258
332,3,3886773251,0,0,224,34
332,3,3301716342,0,0,224,34
332,3,2165172264,0,0,224,258
332,3,3805974960,0,0,224,258
332,3,3474607555,0,0,224,34
332,6,1529113489,0,0,224,290
332,3,2357356081,0,0,224,34
332,5,1533655438,0,0,224,258
332,6,1533956656,0,0,224,290
332,3,2769457851,0,0,224,258
332,3,1535422157,0,0,224,34
332,3,3312456263,0,0,224,258
34404,6,1529114013,0,0,240,34
332,6,1521599670,0,0,224,258
332,3,3773719265,0,0,224,34
332,5,1536273318,0,0,224,290
332,3,3107993380,0,0,224,34
332,3,3580746319,0,0,224,34
332,3,3750445329,0,0,224,258
332,5,1530915989,0,0,224,290
332,5,1530916064,0,0,224,290
332,3,2957933671,0,0,224,258
332,5,1530915899,0,0,224,290
332,7,1538707067,0,0,224,290
332,2,0,0,0,224,8450
332,2,0,0,0,224,8450
43620,6,328975069,0,0,240,34
34404,6,1533655735,0,0,240,34
43620,6,2288606538,0,0,240,34
332,2,0,0,0,224,8450
332,2,0,0,0,224,8450
332,2,0,0,0,224,8450
332,3,1244083479,0,0,224,270
332,3,4023324337,0,0,224,34
332,3,3170429757,0,0,224,34
332,3,3828765512,0,0,224,258
332,3,3311882611,0,0,224,34
332,3,3400321338,0,0,224,34
452,6,1530915763,0,0,224,8482
332,3,2466897924,0,0,224,258
332,3,2699158299,0,0,224,258
332,3,3007301274,0,0,224,258
332,6,1530915721,0,0,224,8482
332,2,1530915721,0,0,224,8450
332,4,1513919545,0,0,224,290
332,4,1269484466,0,0,224,290
43620,6,3175937890,0,0,240,34
332,3,2485651645,0,0,224,258
332,3,2485651645,0,0,224,8450
332,5,1538015751,0,0,224,290
332,5,1528852183,0,0,224,258
43620,6,4053175470,0,0,240,34
332,5,1535421759,0,0,224,3330
332,3,1535421739,0,0,224,34
332,3,3706256137,0,0,224,34
332,3,2428847729,0,0,224,290
332,10,1525687114,0,0,224,290
332,7,1452105289,0,0,224,3330
332,7,1452105289,0,0,224,3330
332,5,1400177850,0,0,224,258
332,5,1400177855,0,0,224,258
332,4,1602051358,0,0,224,258
34404,5,1602051340,0,0,240,34
332,6,1487978392,0,0,224,258
34404,7,1487978045,0,0,240,34
332,6,1487978392,0,0,224,258
332,6,1498510309,0,0,224,259
332,5,1400177855,0,0,224,258
34404,7,511617169,0,0,240,34
332,2,0,0,0,224,8450
332,2,0,0,0,224,8450
332,2,0,0,0,224,8450
332,2,0,0,0,224,8450
332,2,0,0,0,224,8450
332,2,0,0,0,224,8450
332,6,1465185606,0,0,224,258
332,3,1595770623,0,0,224,34
332,3,1600309873,0,0,224,258
34404,6,1598571642,0,0,240,34
34404,10,1495104271,0,0,240,559
332,2,0,0,0,224,8450
332,2,0,0,0,224,8450
332,2,0,0,0,224,8450
332,2,0,0,0,224,8450
332,2,0,0,0,224,8450
34404,6,1765479674,0,0,240,34
332,2,0,0,0,224,8450
332,2,0,0,0,224,8450
332,2,0,0,0,224,8450
332,2,0,0,0,224,8450
332,2,0,0,0,224,8450
332,5,1602773494,0,0,224,258
332,8,0,44544,108,224,807
332,3,1446779952,0,0,224,34
332,2,0,0,0,224,8450
332,2,0,0,0,224,8450
34404,10,1495104271,0,0,240,559
332,2,0,0,0,224,8450
332,2,0,0,0,224,8450
332,2,0,0,0,224,8450
332,5,1582865937,0,0,224,258
332,5,1602827717,0,0,224,258
332,5,1602773018,0,0,224,258
34404,5,1563522956,0,0,240,34
332,2,0,0,0,224,8450
332,2,0,0,0,224,8450
332,2,0,0,0,224,8450
332,2,0,0,0,224,8450
332,2,0,0,0,224,8450
332,2,0,0,0,224,8450
332,2,0,0,0,224,8450
332,2,0,0,0,224,8450
34404,7,258187601,0,0,240,34
332,2,0,0,0,224,8450
332,2,0,0,0,224,8450
34404,6,1515630959,0,0,240,34
332,2,0,0,0,224,8450
332,2,0,0,0,224,8450
332,3,1446779952,0,0,224,34
332,2,0,0,0,224,8450
34404,6,1571977632,0,0,240,34
332,2,0,0,0,224,8450
332,5,1549594770,0,0,224,258
332,5,1549594774,0,0,224,258
332,6,1496436060,0,0,224,258
34404,10,1495104271,0,0,240,559
332,2,0,0,0,224,8450
332,2,0,0,0,224,8450
34404,8,131072,27648,57,240,551
34404,9,0,62464,87,240,551
34404,9,0,27648,70,240,551
332,2,0,0,0,224,8450
332,2,0,0,0,224,8450
34404,10,0,96256,158,240,551
332,2,0,0,0,224,8450
332,2,0,0,0,224,8450
332,2,0,0,0,224,8450
34404,5,1348639496,0,0,240,35
332,2,0,0,0,224,8450
332,2,0,0,0,224,8450
34404,6,1348638978,0,0,240,34
452,6,2113564985,0,0,224,290
332,2,0,0,0,224,8450
332,2,0,0,0,224,8450
332,3,3729222152,0,0,224,258
332,2,0,0,0,224,8450
332,2,0,0,0,224,8450
34404,6,1544647395,0,0,240,34
332,5,1260053446,0,0,224,271
34404,6,1424679381,0,0,240,34
332,2,0,0,0,224,8450
332,2,0,0,0,224,8450
332,2,0,0,0,224,8450
332,2,0,0,0,224,8450
332,2,0,0,0,224,8450
332,2,0,0,0,224,8450
34404,6,1048738892,0,0,240,34
332,2,0,0,0,224,8450
332,2,0,0,0,224,8450
332,2,0,0,0,224,8450
332,2,0,0,0,224,8450
332,2,0,0,0,224,8450
332,2,0,0,0,224,8450
34404,6,2003836786,0,0,240,34
332,6,1570353075,0,0,224,258
332,4,1247528563,0,0,224,258
332,3,1260343823,0,0,224,258
332,2,0,0,0,224,8450
332,2,0,0,0,224,8450
332,3,1100207490,0,0,224,3331
34404,6,1563526202,0,0,240,34
34404,6,1563526202,0,0,240,34
34404,7,4260916462,0,0,240,3106
34404,6,3962134091,0,0,240,34
332,3,1109274278,0,0,224,3343
332,2,0,0,0,224,8450
332,2,0,0,0,224,8450
332,2,0,0,0,224,8450
332,2,0,0,0,224,8450
332,1,1223596626,0,0,224,8482
332,1,1223596626,0,0,224,8482
332,2,0,0,0,224,8450
332,2,0,0,0,224,8450
332,3,1468525852,0,0,224,258
332,3,1446776473,0,0,224,8450
34404,6,202679717,0,0,240,34
332,2,0,0,0,224,8450
332,2,0,0,0,224,8450
332,2,0,0,0,224,8450
332,9,1493293184,0,0,224,258
34404,10,1936029986,0,0,240,559
34404,9,1750347053,0,0,240,559
34404,7,1538330521,0,0,240,34
34404,8,1538330453,0,0,240,34
332,3,1446776796,0,0,224,34
332,1,1223596626,0,0,224,8482
332,1,1223596626,0,0,224,8482
34404,7,1565456326,0,0,240,34
332,2,0,0,0,224,8450
332,2,0,0,0,224,8450
34404,7,2942054838,0,0,240,34
332,4,1473184472,0,0,224,258
34404,6,2151716020,0,0,240,34
332,2,0,0,0,224,8450
332,2,0,0,0,224,8450
332,2,0,0,0,224,8450
332,6,1511042438,0,0,224,3330
332,2,0,0,0,224,8450
34404,8,1510956661,0,0,240,34
332,5,1379701407,0,0,224,258
332,2,0,0,0,224,8450
332,2,0,0,0,224,8450
332,4,1269704119,0,0,224,258
332,5,1492761572,0,0,224,258
34404,17,1476806357,1577984,5898,240,39
332,5,1464990472,0,0,224,258
34404,10,0,66048,73,240,551
34404,10,0,66048,73,240,551
332,2,0,0,0,224,8450
332,3,1537825408,0,0,224,34
34404,5,1469502677,0,0,240,35
332,4,1219436508,0,0,224,259
332,5,1453694282,0,0,224,258
332,4,1266468989,0,0,224,258
332,2,0,0,0,224,8450
332,2,0,0,0,224,8450
332,2,0,0,0,224,8450
332,2,0,0,0,224,8450
332,2,0,0,0,224,8450
34404,7,1170503645,0,0,240,34
332,2,0,0,0,224,8450
332,2,0,0,0,224,8450
332,2,0,0,0,224,8450
332,2,0,0,0,224,8450
332,2,0,0,0,224,8450
332,2,0,0,0,224,8450
332,2,0,0,0,224,8450
332,2,0,0,0,224,8450
332,2,0,0,0,224,8450
332,2,0,0,0,224,8450
34404,6,1465900851,0,0,240,34
34404,7,2429740551,0,0,240,34
332,2,0,0,0,224,8450
332,2,0,0,0,224,8450
332,2,0,0,0,224,8450
332,2,0,0,0,224,8450
332,2,0,0,0,224,8450
34404,7,2452045437,0,0,240,34
332,2,0,0,0,224,8450
332,2,0,0,0,224,8450
332,3,1203017014,0,0,224,271
332,2,0,0,0,224,8450
332,2,0,0,0,224,8450
332,2,0,0,0,224,8450
332,5,1894456928,0,0,224,258
332,2,0,0,0,224,8450
332,2,0,0,0,224,8450
332,5,4140106854,0,0,224,258
332,2,0,0,0,224,8450
332,2,0,0,0,224,8450
332,4,935714960,0,0,224,271
332,6,668182588,0,0,224,258
332,2,0,0,0,224,8450
332,2,0,0,0,224,8450
332,2,0,0,0,224,8450
34404,7,1615687587,0,0,240,34
332,2,0,0,0,224,8450
332,2,0,0,0,224,8450
34404,7,2449889170,0,0,240,34
332,2,0,0,0,224,8450
332,2,0,0,0,224,8450
332,2,0,0,0,224,8450
332,2,0,0,0,224,8450
332,6,3296400502,0,0,224,258
332,4,1269704777,0,0,224,258
332,1,1269487063,0,0,224,8450
332,6,2161483729,0,0,224,258
332,2,0,0,0,224,8450
332,2,0,0,0,224,8450
332,1,1223596626,0,0,224,8482
34404,6,1426572061,0,0,240,34
332,2,0,0,0,224,8450
332,2,0,0,0,224,8450
332,2,0,0,0,224,8450
34404,2,3759398465,0,0,240,34
332,3,2662132790,0,0,224,8450
332,2,0,0,0,224,8450
332,2,0,0,0,224,8450
332,5,2602073604,0,0,224,258
34404,5,1279311475,0,0,240,35
34404,7,1510201955,0,0,240,34
34404,7,2424580664,0,0,240,34
332,2,0,0,0,224,8450
332,2,0,0,0,224,8450
332,2,0,0,0,224,8450
332,2,0,0,0,224,8450
34404,4,1568799178,0,0,240,34
34404,2,1524221277,0,0,240,34
34404,6,2012252610,0,0,240,34
34404,6,1724293191,0,0,240,34
332,3,1552226577,0,0,224,270
332,3,1446779947,0,0,224,8450
332,2,0,0,0,224,8450
34404,6,1526692236,0,0,240,34
332,2,0,0,0,224,8450
34404,6,1526692236,0,0,240,34
332,2,0,0,0,224,8450
332,2,0,0,0,224,8450
332,2,0,0,0,224,8450
332,2,0,0,0,224,8450
43620,6,996024582,0,0,240,34
43620,6,1865114270,0,0,240,34
332,3,3121404396,0,0,224,34
332,2,0,0,0,224,8450
34404,6,2701572599,0,0,240,34
34404,8,2635634420,0,0,240,34
34404,7,3767728233,0,0,240,34
332,2,0,0,0,224,8450
332,2,0,0,0,224,8450
34404,6,2294285079,0,0,240,34
332,2,0,0,0,224,8450
332,2,0,0,0,224,8450
332,2,0,0,0,224,8450
332,2,0,0,0,224,8450
34404,6,1602051352,0,0,240,34
332,5,1602051358,0,0,224,258
34404,9,1825592,0,0,240,559
34404,10,0,32768,88,240,551
34404,10,0,58368,144,240,551
34404,10,0,55296,143,240,551
332,3,1571977970,0,0,224,270
332,7,445775872,62464,114,224,807
332,3,1552226582,0,0,224,270
332,4,1536897089,0,0,224,290
332,3,3863751446,0,0,224,290
332,3,3863751446,0,0,224,8450
34404,9,1879138306,247296,317,240,551
332,2,0,0,0,224,8450
332,2,0,0,0,224,8450
34404,6,1526692236,0,0,240,34
332,1,1269487063,0,0,224,8450
34404,10,1495104271,0,0,240,559
34404,6,1544647247,0,0,240,34
34404,6,1544647247,0,0,240,34
34404,10,0,59392,135,240,551
332,2,0,0,0,224,8450
43620,6,2770207859,0,0,240,34
34404,2,3713474666,0,0,240,34
332,2,0,0,0,224,8450
332,2,0,0,0,224,8450
332,2,0,0,0,224,8450
332,1,1049793036,0,0,224,8462
332,1,1049793036,0,0,224,8462
332,3,1552226575,0,0,224,270
332,3,1446776796,0,0,224,8450
332,3,1446776796,0,0,224,34
332,5,1217329516,0,0,224,8450
34404,9,0,22528,114,240,551
332,2,0,0,0,224,8450
332,2,0,0,0,224,8450
332,2,0,0,0,224,8450
332,2,0,0,0,224,8450
332,2,0,0,0,224,8450
34404,9,0,18432,45,240,551
34404,10,0,77312,142,240,551
34404,10,0,77312,142,240,551
34404,10,0,50176,84,240,551
332,9,1560056400,0,0,224,290
332,5,1595504587,0,0,224,258
332,5,1556097320,0,0,224,258
34404,9,0,28160,68,240,551
332,5,1421679203,0,0,224,258
332,5,1602485093,0,0,224,258
34404,6,1536133134,0,0,240,34
34404,6,1537214668,0,0,240,34
332,9,887436485,0,0,224,814
34404,10,0,97280,128,240,551
34404,8,1936029986,170496,97,240,551
34404,10,0,93184,129,240,551
34404,10,0,122368,160,240,551
332,5,1602485203,0,0,224,258
332,5,1602485116,0,0,224,258
332,5,1602485348,0,0,224,258
332,5,1602485564,0,0,224,258
332,5,1602485148,0,0,224,258
332,5,1602484850,0,0,224,258
34404,9,0,64512,74,240,551
332,5,1501533286,0,0,224,258
34404,6,1426573647,0,0,240,34
34404,6,1471449114,0,0,240,34
332,5,1517284732,0,0,224,271
