Cursors,Bitmaps,Icons,Menus,Dialogs,Strings,Fonts,Group Cursors,Group Icons
0,0,0,0,0,0,0,0,0
0,0,0,0,0,0,0,0,0
0,0,0,0,0,0,0,0,0
0,0,0,0,0,0,0,0,0
0,0,0,0,0,0,0,0,0
0,0,0,0,0,0,0,0,0
0,0,0,0,0,0,0,0,0
0,0,0,0,0,0,0,0,0
0,0,0,0,0,0,0,0,0
0,0,0,0,0,0,0,0,0
0,0,224,0,0,0,0,0,32
0,0,0,0,0,24,0,0,0
0,0,0,0,0,0,0,0,0
0,0,8,0,0,1,0,0,1
0,0,0,0,0,0,0,0,0
0,0,1,0,0,0,0,0,1
0,0,10,0,0,0,0,0,1
0,0,10,0,0,0,0,0,1
0,5,7,0,1,1,0,0,1
0,0,0,0,0,0,0,0,0
0,0,10,0,0,0,0,0,1
0,0,0,0,0,0,0,0,0
0,0,10,0,0,0,0,0,1
0,0,16,0,0,0,0,0,2
0,0,0,0,0,0,0,0,0
0,0,0,0,0,0,0,0,0
0,0,0,0,0,0,0,0,0
0,0,0,0,0,1,0,0,0
0,0,0,0,0,0,0,0,0
0,0,0,0,0,1,0,0,0
0,0,0,0,0,0,0,0,0
0,0,0,0,0,0,0,0,0
0,0,0,0,0,0,0,0,0
0,0,8,0,0,0,0,0,1
0,0,0,0,0,0,0,0,0
0,0,0,0,0,0,0,0,0
0,0,0,0,0,0,0,0,0
0,0,0,0,0,0,0,0,0
0,0,0,0,0,0,0,0,0
0,0,0,0,0,7,0,0,0
0,0,0,0,0,3,0,0,0
0,0,0,0,0,0,0,0,0
0,0,0,0,0,0,0,0,0
0,0,9,0,0,0,0,0,1
0,0,4,0,0,0,0,0,1
0,0,4,0,0,0,0,0,1
0,0,4,0,0,0,0,0,1
0,0,4,0,0,0,0,0,1
0,0,4,0,0,1,0,0,1
0,0,0,0,0,0,0,0,0
0,0,0,0,0,0,0,0,0
0,4,1,0,10,7,0,0,1
0,0,0,0,0,0,0,0,0
0,0,0,0,0,0,0,0,0
0,0,0,0,0,0,0,0,0
0,0,0,0,0,0,0,0,0
0,0,0,0,0,0,0,0,0
0,0,0,0,0,0,0,0,0
0,0,0,0,0,0,0,0,0
0,0,0,0,0,0,0,0,0
0,0,0,0,0,0,0,0,0
0,0,0,0,0,0,0,0,0
0,0,0,0,0,0,0,0,0
0,0,16,0,0,0,0,0,1
0,0,0,0,0,0,0,0,0
0,0,1,0,0,0,0,0,1
0,0,1,0,0,0,0,0,1
0,0,1,0,0,0,0,0,1
0,0,0,0,0,0,0,0,0
0,0,0,0,0,0,0,0,0
0,0,0,0,0,0,0,0,0
0,0,0,0,0,0,0,0,0
0,0,0,0,0,0,0,0,0
0,0,0,0,0,0,0,0,0
0,0,7,0,1,2,0,0,1
0,0,0,0,0,0,0,0,0
0,0,0,0,0,0,0,0,0
0,0,16,0,0,0,0,0,1
0,0,0,0,0,0,0,0,0
0,0,0,0,0,0,0,0,0
0,0,0,0,0,0,0,0,0
0,0,0,0,0,0,0,0,0
0,0,0,0,0,0,0,0,0
0,0,0,0,0,0,0,0,0
0,0,9,0,0,0,0,0,1
0,0,0,0,0,0,0,0,0
0,0,6,0,0,0,0,0,1
0,0,6,0,0,0,0,0,1
0,0,0,0,0,0,0,0,0
0,0,6,0,0,0,0,0,1
0,0,6,0,0,0,0,0,1
0,0,6,0,0,1,0,0,1
0,0,6,0,0,1,0,0,1
0,0,1,0,0,0,0,0,1
0,0,1,0,0,0,0,0,1
0,0,0,0,0,0,0,0,0
0,0,0,0,0,0,0,0,0
0,0,0,0,0,0,0,0,0
0,0,7,0,3,1,0,0,1
0,0,12,0,9,0,0,0,1
0,0,0,0,0,0,0,0,0
0,0,0,0,0,0,0,0,0
0,0,0,0,0,0,0,0,0
0,0,79,0,0,0,0,0,14
0,0,8,0,0,0,0,0,1
0,0,0,0,0,0,0,0,0
0,0,8,0,0,0,0,0,1
0,0,0,0,0,0,0,0,0
0,0,0,0,0,0,0,0,0
0,0,0,0,0,0,0,0,0
0,0,0,0,0,0,0,0,0
0,0,0,0,0,0,0,0,0
0,0,45,0,0,0,0,0,6
0,0,0,0,0,0,0,0,0
0,0,0,0,0,0,0,0,0
0,0,0,0,0,0,0,0,0
0,0,224,0,0,0,0,0,32
0,0,0,0,0,0,0,0,0
0,0,0,0,0,0,0,0,0
0,0,0,0,0,0,0,0,0
0,7,0,0,0,0,0,0,0
0,0,12,0,0,0,0,0,1
0,0,12,0,0,0,0,0,1
0,0,0,0,0,0,0,0,0
0,1,14,0,1,1,0,0,2
0,0,12,0,0,0,0,0,1
0,0,12,0,0,0,0,0,1
0,0,12,0,0,0,0,0,1
0,0,12,0,0,0,0,0,1
0,0,16,0,0,0,0,0,1
0,0,12,0,0,0,0,0,1
0,0,12,0,0,0,0,0,1
0,0,0,0,0,0,0,0,0
0,0,12,0,0,0,0,0,1
0,0,12,0,0,0,0,0,1
0,0,12,0,0,0,0,0,1
0,0,10,0,0,0,0,0,1
0,0,79,0,0,0,0,0,14
0,0,43,0,0,0,0,0,5
0,0,19,0,1,3,0,0,2
0,0,0,0,0,0,0,0,0
0,0,0,0,0,0,0,0,0
0,0,0,0,0,0,0,0,0
0,0,0,0,0,0,0,0,0
0,0,0,0,0,0,0,0,0
0,0,0,0,0,53,0,0,0
0,0,0,0,0,0,0,0,0
0,0,0,0,0,0,0,0,0
0,0,0,0,0,0,0,0,0
0,0,9,0,0,0,0,0,1
0,0,0,0,0,0,0,0,0
0,0,0,0,0,0,0,0,0
0,0,0,0,0,0,0,0,0
0,0,13,0,15,9,0,0,1
0,0,0,0,0,0,0,0,0
0,0,0,0,0,0,0,0,0
0,0,0,0,0,0,0,0,0
0,0,84,0,0,0,0,0,7
0,0,13,0,0,0,0,0,1
0,0,0,0,0,0,0,0,0
0,0,13,0,0,0,0,0,1
0,0,13,0,0,0,0,0,1
0,0,0,0,0,0,0,0,0
0,0,0,0,0,0,0,0,0
0,0,9,0,0,0,0,0,1
0,0,0,0,0,0,0,0,0
0,0,0,0,0,0,0,0,0
0,0,0,0,0,0,0,0,0
0,0,0,0,0,2,0,0,0
0,0,12,1,1,2,0,0,1
0,0,5,0,0,0,0,0,3
0,0,0,0,0,0,0,0,0
0,0,0,0,0,0,0,0,0
0,0,0,0,0,0,0,0,0
0,0,0,0,0,0,0,0,0
0,0,0,0,0,0,0,0,0
0,0,0,0,0,0,0,0,0
0,0,0,0,0,0,0,0,0
0,0,0,0,0,0,0,0,0
0,0,0,0,0,0,0,0,0
0,0,0,0,0,0,0,0,0
0,0,0,0,0,0,0,0,0
0,0,0,0,0,0,0,0,0
0,0,3,0,0,0,0,0,1
0,0,0,0,0,0,0,0,0
0,0,8,0,0,0,0,0,1
0,0,0,0,0,0,0,0,0
0,0,0,0,0,0,0,0,0
0,1,106,0,0,0,0,0,28
0,0,0,0,0,0,0,0,0
0,0,0,0,0,0,0,0,0
0,0,6,0,0,0,0,0,1
0,0,0,0,0,0,0,0,0
0,0,0,0,0,0,0,0,0
0,0,0,0,0,0,0,0,0
0,0,0,0,0,0,0,0,0
0,1,6,0,49,0,0,0,1
0,0,0,0,0,0,0,0,0
0,0,1,0,0,0,0,0,1
0,0,0,0,0,0,0,0,0
0,0,0,0,0,0,0,0,0
0,0,0,0,0,0,0,0,0
0,0,0,0,0,0,0,0,0
0,0,10,0,0,0,0,0,1
0,1,6,0,49,0,0,0,1
0,0,0,0,0,0,0,0,0
0,0,5,0,0,0,0,0,1
0,0,0,0,0,0,0,0,0
0,5,18,0,1,3,0,0,4
0,0,13,0,0,0,0,0,1
0,0,13,0,0,0,0,0,1
0,0,13,0,0,0,0,0,1
24,0,12,0,0,0,0,22,1
0,0,12,0,0,2,0,0,3
0,0,0,0,0,0,0,0,0
0,0,0,0,0,0,0,0,0
0,0,0,0,0,0,0,0,0
0,0,14,0,0,0,0,0,2
0,0,0,0,0,0,0,0,0
0,0,0,0,0,0,0,0,0
0,0,0,0,0,0,0,0,0
0,0,13,0,0,0,0,0,1
0,0,0,0,0,0,0,0,0
0,0,0,0,0,0,0,0,0
0,0,0,0,0,0,0,0,0
0,0,12,0,0,0,0,0,1
0,0,0,0,0,0,0,0,0
0,0,0,0,0,0,0,0,0
0,0,0,0,0,0,0,0,0
0,0,85,1,1,9,0,0,21
0,0,0,0,0,1,0,0,0
0,0,3,1,6,11,0,0,2
0,0,7,0,0,0,0,0,1
0,0,7,0,0,0,0,0,1
0,0,7,0,0,1,0,0,1
0,0,8,0,1,0,0,0,2
0,0,7,0,0,0,0,0,1
0,0,0,0,0,0,0,0,0
